,y_pred,0
0,0.12886471302455668,0.0
1,0.1951621979650638,0.0
2,0.010632086376977413,0.0
3,0.03072470134972153,0.0
4,0.01216645628476776,0.0
5,0.08821158907553915,0.0
6,0.13889313702915979,1.0
7,0.9635325809446912,1.0
8,0.3122071546089751,1.0
9,0.9332088222958397,1.0
10,0.6936537876031911,1.0
11,0.9963679409562979,1.0
