,y_pred,0
0,0.04332094896267998,0.0
1,0.0440865753971158,0.0
2,0.01219271354730077,0.0
3,0.017974038008514263,0.0
4,0.028311085097756886,0.0
5,0.3667788558657195,0.0
6,0.6055253947491156,1.0
7,0.6505101565480448,1.0
8,0.2097023487298123,1.0
9,0.4108349498955985,1.0
10,0.6958627365799256,1.0
11,0.8567429347124537,1.0
12,0.8208098692877993,1.0
13,0.4006524951820134,1.0
14,0.3008227013206329,1.0
